TRTGRP,_TYPE_,_FREQ_,MeanCHG,SDCHG,N
DC,1,6,-52.33333333,6.8313005106,6
HEC_HD,1,6,-44.66666667,7.7114633285,6
HEC_LD,1,6,-33.5,14.949916388,6
NC,1,6,2.5,0.8366600265,6
STD,1,6,-38.33333333,12.40430033,6
STD_HEC_HD,1,6,-21.33333333,6.3456021516,6
STD_HEC_LD,1,6,-30.5,7.2594765652,6
